2020-01-28 23:23:14,"b'After exhaustive search for alternative to #quicken, succumbed to their forsaken subscription model. installed late\xe2\x80\xa6 https://t.co/bk30HBtc1E'"
2020-01-28 18:56:06,"b'@Intuit not happy about the forced upgrade to #quicken.  As an small business owner with only me as an employee, $1\xe2\x80\xa6 https://t.co/ExEkDOrM2l'"
2020-01-28 16:08:48,b'Quicken Support Phone Number +1-888-404-0402\nWhat services we provide:\n Manage accounting and finances\nRead more:\xe2\x80\xa6 https://t.co/iWoGuw3UVS'
2020-01-28 03:42:17,"b'RT @ChiMusicStore: #Affirmation I love watching my catchy JOY TAKE the stares, to raise others EMOTIONS causing infinite SHARES. #Smile #Ha\xe2\x80\xa6'"
2020-01-27 15:08:03,"b'Why Quicken Accounting Software is useful? If we go to the old-time, then people Read more: https://t.co/msqk3NnEIE\xe2\x80\xa6 https://t.co/OzLvROKBDA'"
2020-01-27 08:05:29,"b'#Quicken has several support options to suit your needs.  Before contacting support, we recommend that you check to\xe2\x80\xa6 https://t.co/i0OteEX5Si'"
2020-01-25 13:14:15,"b'Are you need a Quicken Support Number?\nIn today\xe2\x80\x99s day, it is a waste of time to manage your expenses. Read more:\xe2\x80\xa6 https://t.co/8X0eQE0UZP'"
2020-01-25 03:29:35,"b'RT @gracewillows201: ""Hurry or you\'ll miss it!"" \nHe quickened his step, following her to the edge of the meadow. As he reached the last few\xe2\x80\xa6'"
2020-01-24 23:46:51,"b'ISO alternatives to #quicken subscription model. Just received my ""we\'re cancelling you"" notice from them'"
2020-01-24 20:35:52,b'RT @pprobinson: There is an epidemic ongoing. #Peloton - need a new screen to be supported. #Sonos debacle on being bricked (then maybe not\xe2\x80\xa6'
2020-01-24 20:19:59,b'There is ZERO reason why a non-subscription should BREAK all services. I call BULLSHIT on #Quicken https://t.co/X5rt4u4T7k'
2020-01-24 19:14:49,b'There is an epidemic ongoing. #Peloton - need a new screen to be supported. #Sonos debacle on being bricked (then m\xe2\x80\xa6 https://t.co/yzMWK1GZt3'
2020-01-24 17:35:37,"b""Didn't think there was another way for #intuit #quicken to screw me but I am wrong! Now they are once again sunsett\xe2\x80\xa6 https://t.co/f1EgLVnvJb"""
2020-01-24 16:58:51,b'RT @patrici30730227: No time to waste\nAnother hectic day\nwhere I steal for me\nhere and there \na few moments \nA race\nin the same place\nleadi\xe2\x80\xa6'
2020-01-24 16:57:49,b'RT @patrici30730227: No time to waste\nAnother hectic day\nwhere I steal for me\nhere and there \na few moments \nA race\nin the same place\nleadi\xe2\x80\xa6'
2020-01-24 16:29:12,b'RT @JoeTechnology: KMyMoney 5.0.8 was released | https://t.co/GE0SJGHnO1 | #kmymoney #personalfinance #accounting #linux #bsd #windows #mac\xe2\x80\xa6'
2020-01-24 16:29:04,b'RT @JoeTechnology: KMyMoney 5.0.8 was released | https://t.co/GE0SJGHnO1 | #kmymoney #personalfinance #accounting #linux #bsd #windows #mac\xe2\x80\xa6'
2020-01-24 16:29:00,b'KMyMoney 5.0.8 was released | https://t.co/GE0SJGHnO1 | #kmymoney #personalfinance #accounting #linux #bsd #windows\xe2\x80\xa6 https://t.co/YS39kjmwQN'
2020-01-24 16:02:52,"b""RT @FennelSteuert: She asked Hercules if he'd introduce her to his sister who happens to know peace.\n'Aphrodite?'\n'No. Does she not #quicke\xe2\x80\xa6"""
2020-01-24 15:59:58,b'RT @patrici30730227: No time to waste\nAnother hectic day\nwhere I steal for me\nhere and there \na few moments \nA race\nin the same place\nleadi\xe2\x80\xa6'
2020-01-24 15:59:52,"b""RT @FennelSteuert: She asked Hercules if he'd introduce her to his sister who happens to know peace.\n'Aphrodite?'\n'No. Does she not #quicke\xe2\x80\xa6"""
2020-01-24 11:51:55,b'RT @patrici30730227: No time to waste\nAnother hectic day\nwhere I steal for me\nhere and there \na few moments \nA race\nin the same place\nleadi\xe2\x80\xa6'
2020-01-24 11:48:56,"b""She asked Hercules if he'd introduce her to his sister who happens to know peace.\n'Aphrodite?'\n'No. Does she not\xe2\x80\xa6 https://t.co/M5tJmFb60p"""
2020-01-24 11:29:27,b'RT @patrici30730227: No time to waste\nAnother hectic day\nwhere I steal for me\nhere and there \na few moments \nA race\nin the same place\nleadi\xe2\x80\xa6'
2020-01-24 11:17:11,b'No time to waste\nAnother hectic day\nwhere I steal for me\nhere and there \na few moments \nA race\nin the same place\nle\xe2\x80\xa6 https://t.co/uOiepHU6yF'
2020-01-24 06:06:57,b'RT @PeartreeFanClub: He began to #quicken the tempo. The #cacophony of noise began to form a rhythm. His drumsticks twirled in his fingers\xe2\x80\xa6'
2020-01-24 06:06:49,b'RT @Metalloid17: You flee over a dark red forest floor through black trees. The sky is dark purple. Evil howls and crashing brush make you\xe2\x80\xa6'
2020-01-24 06:06:42,b'RT @BrianJohnYule1: Approaching the crash\nA cacophony of hush\nJagged breath quickens\n\n#vss365 #366FF\n#cacophony #quicken'
2020-01-24 00:10:48,"b'""Hurry or you\'ll miss it!"" \nHe quickened his step, following her to the edge of the meadow. As he reached the last\xe2\x80\xa6 https://t.co/Hdk2aFOB7d'"
2020-01-23 23:34:10,b'RT @BrianJohnYule1: Approaching the crash\nA cacophony of hush\nJagged breath quickens\n\n#vss365 #366FF\n#cacophony #quicken'
2020-01-23 22:32:21,b'Approaching the crash\nA cacophony of hush\nJagged breath quickens\n\n#vss365 #366FF\n#cacophony #quicken'
2020-01-23 20:25:31,b'You flee over a dark red forest floor through black trees. The sky is dark purple. Evil howls and crashing brush ma\xe2\x80\xa6 https://t.co/dn9X7Oz864'
2020-01-23 19:09:44,b'He began to #quicken the tempo. The #cacophony of noise began to form a rhythm. His drumsticks twirled in his finge\xe2\x80\xa6 https://t.co/3heAvwWuyO'
2020-01-23 06:59:38,b'#Quicken is a personal finance management software built by Quicken #company. Sometimes Quicken Users are faced wit\xe2\x80\xa6 https://t.co/yEvTQfuRub'
2020-01-22 19:36:02,b'Know what is new in Quicken 2020?\nQuicken recently launched its 2020 edition with some incredible updates in it. Re\xe2\x80\xa6 https://t.co/vVS7Quw3DY'
2020-01-22 18:06:35,"b""Checking account statements and cash receipts piling up? Dread going through them? Now you don't have to!\xe2\x80\xa6 https://t.co/ruoYfS2pYS"""
2020-01-22 11:52:36,b'Are you seeking for #Quicken Software Services near you in USA? get in touch with us through a call at 1-800-969-30\xe2\x80\xa6 https://t.co/bJbuF7ZLFZ'
2020-01-24 12:55:52,b'Contact United Airlines Flights Reservations for instant tickets booking and reservations \nhttps://t.co/rVFi1YkFIK\xe2\x80\xa6 https://t.co/CfloUrZm03'
2020-01-29 22:26:11,b'Field Dispatch Support Technician in the Fort Worth Area. #TechSupport #FortWorth  https://t.co/w2x3abtntm'
2020-01-29 22:05:18,b'So THAT\xe2\x80\x99S how it works! #WednesdayMotivation #WednesdayWellness #WednesdayWisdom #TechTwitter #TechSupport\xe2\x80\xa6 https://t.co/KX4kc65EDU'
2020-01-29 22:02:58,"b""... for about 2 seconds, then crashes. That doesn't look like Office 2016 to me -- what's going on? Any way to prop\xe2\x80\xa6 https://t.co/BKlGhwoP1m"""
2020-01-29 22:01:43,"b""Discovering new ways of doing business can be a lot simpler than Galileo's discovery of the moons of Jupiter.\n\nChat\xe2\x80\xa6 https://t.co/CMJJRhgdVn"""
2020-01-29 21:09:01,"b'RT @blacktechguru: Upgrading your phone system can be a #dirty experience! Client had no Ethernet Jacks ,yet wanted brand new POE (Power ov\xe2\x80\xa6'"
2020-01-29 20:57:41,"b'Field Service Technician I - Contract to Hire in Detroit, MI. #Detroit #TechSupport  https://t.co/zUEh1WtOhz'"
2020-01-29 20:53:55,b'i serve the soviet union\n#TechSupport #classnerd #puttheteamonmyback #likeim #marshawnlynch https://t.co/Y2Bp627c8w'
2020-01-29 20:30:05,"b'To check out the POPULAR Adaptive Office Solutions Blog, CLICK here... https://t.co/onnpUDfQWg\n\n#TechSupport\xe2\x80\xa6 https://t.co/LAhR187bo8'"
2020-01-29 20:27:44,b'Downside of self employment: the lack of #techsupport. Sat down this morning and discovered my beloved Samsung Note\xe2\x80\xa6 https://t.co/29mlmueodf'
2020-01-29 20:12:36,"b'Upgrading your phone system can be a #dirty experience! Client had no Ethernet Jacks ,yet wanted brand new POE (Pow\xe2\x80\xa6 https://t.co/zCsJll96YG'"
2020-01-29 19:45:36,b'RT @thetechwizard11: Are you just getting your small business started? Is your business growing quickly? The Tech Wizard can help set-up yo\xe2\x80\xa6'
2020-01-29 19:36:05,b'Come work for an incredible team at a phenomenal company that is providing innovative solutions for hospitals and p\xe2\x80\xa6 https://t.co/iH0w7Gucrg'
2020-01-29 19:29:46,b'Learn how to manage your McAfee account:\n-change your #password\n-update your subscriptions\n-change your billing add\xe2\x80\xa6 https://t.co/070SqGyJu6'
2020-01-29 19:27:11,b'RT @ISPNtweets: We are excited for another  @ntcartime in Phoenix. Join us in Booth 58 to learn how ISPN helps connect #ruralbroadband . Ch\xe2\x80\xa6'
2020-01-29 19:03:16,b'RT @ISPNtweets: We are excited for another  @ntcartime in Phoenix. Join us in Booth 58 to learn how ISPN helps connect #ruralbroadband . Ch\xe2\x80\xa6'
2020-01-29 19:00:00,"b""In answer the the query I've been asked to look at three times this afternoon. YES. Windows 7 ESU is available on W\xe2\x80\xa6 https://t.co/weiO3JTMrt"""
2020-01-29 18:56:11,b'We are excited for another  @ntcartime in Phoenix. Join us in Booth 58 to learn how ISPN helps connect\xe2\x80\xa6 https://t.co/UIUdD25hMF'
2020-01-29 18:50:08,"b""@Dell @DellCares \nPlease help! \nBought new #Dell Inspiron 7586 P76F001 for #business June '19, problems w/in 1st mo\xe2\x80\xa6 https://t.co/2I3T4lTK75"""
2020-01-29 18:28:46,"b'IT Field Service Technician II - Contract to Hire in Denver, CO. #Denver #TechSupport  https://t.co/H98YZV5R6E'"
2020-01-29 18:01:25,"b'Level 3 Technical Support in Hillsboro, OR. #TechSupport #KVM  https://t.co/KmyCZ1ZEZV'"
2020-01-29 18:01:25,"b'RT @fpainc: Jerry, our Director of Service Delivery, taking a break for the camera from working on new ways to improve the quality and time\xe2\x80\xa6'"
2020-01-29 18:00:33,b'How to Turn Diagnostic Data Settings on or off in Windows 10 - https://t.co/QcOdTg08Cg\n\n#TechTips #TechTutorial\xe2\x80\xa6 https://t.co/mpzJIXvhlj'
2020-01-29 17:41:31,"b'RT @eXcell_Jobs: Field Dispatch Support Technician - Contract to Hire in San Antonio, TX. #SanAntonio #TechSupport  https://t.co/ybtSyMfIUl'"
2020-01-29 17:37:07,"b'RT @eXcell_Jobs: Field Dispatch Support Technician - Contract to Hire in San Antonio, TX. #SanAntonio #TechSupport  https://t.co/ybtSyMfIUl'"
2020-01-29 17:28:14,b'https://t.co/EwJ69KorIw\n\nsmart thermostat installation @OceanapartT \n\n#smartthermostat #installation #onlinesupport\xe2\x80\xa6 https://t.co/9OdDJFUAQh'
2020-01-29 17:21:22,"b""RT @GreenRope: You can easily use GreenRope's booking calendar to setup meetings with new leads, current customers, and more. #leadgenerati\xe2\x80\xa6"""
2020-01-29 17:18:22,b'RT @elvishkid: #Hiring #TechSupport #Zoho\n\nZoho Tenkasi team is looking to hire Tech Support Engineers. \n\nHere are the details you need to\xe2\x80\xa6'
2020-01-29 17:13:16,"b'Read about the three key pillars of excellent customer support and service: customer focus, operational acumen, and\xe2\x80\xa6 https://t.co/o7SpIgsOZN'"
2020-01-29 17:06:05,"b'There are many reasons why live agent #customerservice remains the best option for #techsupport. Renee Soulliard, C\xe2\x80\xa6 https://t.co/n5q0jNNEUl'"
2020-01-29 17:05:53,b'Do You Know Why Customers Bail on Self-Service? https://t.co/29OnNFRMfp #techsupport'
2020-01-29 17:00:41,b'Technical Support Engineer https://t.co/QG0nRf13u0 #technicalsupport #techsupport #technicalengineer #globalclients\xe2\x80\xa6 https://t.co/dRieXTasSd'
2020-01-29 16:46:41,b'New website! Looking even more amazing! Check it out! --&gt;&gt; https://t.co/A9LeyIR6lk \n#NewWebsite #CheckItOut\xe2\x80\xa6 https://t.co/27bbr7aT36'
2020-01-29 16:30:00,"b'Another happy customer of ours, who was able to get their embroidery business off the ground, thanks to our support\xe2\x80\xa6 https://t.co/bpW54e5xCN'"
2020-01-29 15:55:33,b'#OKC #SPRINT IS #HIRING #TECHSUPPORT #APPLYTODAY #GREAT #PAY #BENEFITS AND MORE!! https://t.co/Y0fNFqpb9j'
2020-01-29 15:45:02,"b""We often wish that we had all the time in the world, but let\xe2\x80\x99s face it: Life is busy. That's why TechSolutions offe\xe2\x80\xa6 https://t.co/EVaKY99Uza"""
2020-01-29 15:27:38,"b'Field Dispatch Support Technician - Contract to Hire in San Antonio, TX. #SanAntonio #TechSupport  https://t.co/ybtSyMfIUl'"
2020-01-29 15:23:42,b'Looking for a #Goldmine #CRM expert - have questions about Windows 10. #TechSupport'
2020-01-29 15:02:42,b'Windows Server 2008 is now end of life! By continuing to run on 2008 you are leaving your business vulnerable to th\xe2\x80\xa6 https://t.co/woExhv7MXN'
2020-01-29 15:01:09,"b""Boss: Be here at 8 tomorrow morning we have guests. \nMe: Wake up at butt o'clock, arrive at 8. Nobody is here. \n9am\xe2\x80\xa6 https://t.co/gqMEeemi82"""
2020-01-29 14:56:40,"b'Tech Support Analyst I - Citrix Farm, Servers - Cleveland, OH. #Cleveland #TechSupport  https://t.co/ji83LsnK1C'"
2020-01-29 14:15:13,b'RT @TricentisSpprt: Could you be our next Technical Support Hero? We have multiple opportunities available for our Vienna-based team. Check\xe2\x80\xa6'
2020-01-29 14:14:03,b'RT @TricentisSpprt: Could you be our next Technical Support Hero? We have multiple opportunities available for our Vienna-based team. Check\xe2\x80\xa6'
2020-01-29 14:04:51,b'#Hiring #TechSupport #Zoho\n\nZoho Tenkasi team is looking to hire Tech Support Engineers. \n\nHere are the details you\xe2\x80\xa6 https://t.co/5Yjl3TudrN'
2020-01-29 14:01:26,b'Could you be our next Technical Support Hero? We have multiple opportunities available for our Vienna-based team. C\xe2\x80\xa6 https://t.co/OpuvlDhlkE'
2020-01-29 13:32:31,b'RT @fixilver: Spend quality time with your parents instead of sorting out their devices. #1clicksupport #family #TechSupport'
2020-01-29 13:03:30,"b'ProV monitors cloud-based systems and Software as a Service (SaaS) applications, including thousands of user databa\xe2\x80\xa6 https://t.co/i1NkWMDLja'"
2020-01-29 12:13:30,b'Spend quality time with your parents instead of sorting out their devices. #1clicksupport #family #TechSupport'
2020-01-29 11:59:26,b'Jodie Whittaker Answers Doctor Who Questions From Twitter #techsupport https://t.co/40pbSCxyI4 via @wired'
2020-01-28 23:23:14,"b'After exhaustive search for alternative to #quicken, succumbed to their forsaken subscription model. installed late\xe2\x80\xa6 https://t.co/bk30HBtc1E'"
2020-01-28 18:56:06,"b'@Intuit not happy about the forced upgrade to #quicken.  As an small business owner with only me as an employee, $1\xe2\x80\xa6 https://t.co/ExEkDOrM2l'"
2020-01-28 16:08:48,b'Quicken Support Phone Number +1-888-404-0402\nWhat services we provide:\n Manage accounting and finances\nRead more:\xe2\x80\xa6 https://t.co/iWoGuw3UVS'
2020-01-28 03:42:17,"b'RT @ChiMusicStore: #Affirmation I love watching my catchy JOY TAKE the stares, to raise others EMOTIONS causing infinite SHARES. #Smile #Ha\xe2\x80\xa6'"
2020-01-27 15:08:03,"b'Why Quicken Accounting Software is useful? If we go to the old-time, then people Read more: https://t.co/msqk3NnEIE\xe2\x80\xa6 https://t.co/OzLvROKBDA'"
2020-01-27 08:05:29,"b'#Quicken has several support options to suit your needs.  Before contacting support, we recommend that you check to\xe2\x80\xa6 https://t.co/i0OteEX5Si'"
2020-01-25 13:14:15,"b'Are you need a Quicken Support Number?\nIn today\xe2\x80\x99s day, it is a waste of time to manage your expenses. Read more:\xe2\x80\xa6 https://t.co/8X0eQE0UZP'"
2020-01-25 03:29:35,"b'RT @gracewillows201: ""Hurry or you\'ll miss it!"" \nHe quickened his step, following her to the edge of the meadow. As he reached the last few\xe2\x80\xa6'"
2020-01-24 23:46:51,"b'ISO alternatives to #quicken subscription model. Just received my ""we\'re cancelling you"" notice from them'"
2020-01-24 20:35:52,b'RT @pprobinson: There is an epidemic ongoing. #Peloton - need a new screen to be supported. #Sonos debacle on being bricked (then maybe not\xe2\x80\xa6'
2020-01-24 20:19:59,b'There is ZERO reason why a non-subscription should BREAK all services. I call BULLSHIT on #Quicken https://t.co/X5rt4u4T7k'
2020-01-24 19:14:49,b'There is an epidemic ongoing. #Peloton - need a new screen to be supported. #Sonos debacle on being bricked (then m\xe2\x80\xa6 https://t.co/yzMWK1GZt3'
2020-01-24 17:35:37,"b""Didn't think there was another way for #intuit #quicken to screw me but I am wrong! Now they are once again sunsett\xe2\x80\xa6 https://t.co/f1EgLVnvJb"""
2020-01-24 16:58:51,b'RT @patrici30730227: No time to waste\nAnother hectic day\nwhere I steal for me\nhere and there \na few moments \nA race\nin the same place\nleadi\xe2\x80\xa6'
2020-01-24 16:57:49,b'RT @patrici30730227: No time to waste\nAnother hectic day\nwhere I steal for me\nhere and there \na few moments \nA race\nin the same place\nleadi\xe2\x80\xa6'
2020-01-24 16:29:12,b'RT @JoeTechnology: KMyMoney 5.0.8 was released | https://t.co/GE0SJGHnO1 | #kmymoney #personalfinance #accounting #linux #bsd #windows #mac\xe2\x80\xa6'
2020-01-24 16:29:04,b'RT @JoeTechnology: KMyMoney 5.0.8 was released | https://t.co/GE0SJGHnO1 | #kmymoney #personalfinance #accounting #linux #bsd #windows #mac\xe2\x80\xa6'
2020-01-24 16:29:00,b'KMyMoney 5.0.8 was released | https://t.co/GE0SJGHnO1 | #kmymoney #personalfinance #accounting #linux #bsd #windows\xe2\x80\xa6 https://t.co/YS39kjmwQN'
2020-01-24 16:02:52,"b""RT @FennelSteuert: She asked Hercules if he'd introduce her to his sister who happens to know peace.\n'Aphrodite?'\n'No. Does she not #quicke\xe2\x80\xa6"""
2020-01-24 15:59:58,b'RT @patrici30730227: No time to waste\nAnother hectic day\nwhere I steal for me\nhere and there \na few moments \nA race\nin the same place\nleadi\xe2\x80\xa6'
2020-01-24 15:59:52,"b""RT @FennelSteuert: She asked Hercules if he'd introduce her to his sister who happens to know peace.\n'Aphrodite?'\n'No. Does she not #quicke\xe2\x80\xa6"""
2020-01-24 11:51:55,b'RT @patrici30730227: No time to waste\nAnother hectic day\nwhere I steal for me\nhere and there \na few moments \nA race\nin the same place\nleadi\xe2\x80\xa6'
2020-01-24 11:48:56,"b""She asked Hercules if he'd introduce her to his sister who happens to know peace.\n'Aphrodite?'\n'No. Does she not\xe2\x80\xa6 https://t.co/M5tJmFb60p"""
2020-01-24 11:29:27,b'RT @patrici30730227: No time to waste\nAnother hectic day\nwhere I steal for me\nhere and there \na few moments \nA race\nin the same place\nleadi\xe2\x80\xa6'
2020-01-24 11:17:11,b'No time to waste\nAnother hectic day\nwhere I steal for me\nhere and there \na few moments \nA race\nin the same place\nle\xe2\x80\xa6 https://t.co/uOiepHU6yF'
2020-01-24 06:06:57,b'RT @PeartreeFanClub: He began to #quicken the tempo. The #cacophony of noise began to form a rhythm. His drumsticks twirled in his fingers\xe2\x80\xa6'
2020-01-24 06:06:49,b'RT @Metalloid17: You flee over a dark red forest floor through black trees. The sky is dark purple. Evil howls and crashing brush make you\xe2\x80\xa6'
2020-01-24 06:06:42,b'RT @BrianJohnYule1: Approaching the crash\nA cacophony of hush\nJagged breath quickens\n\n#vss365 #366FF\n#cacophony #quicken'
2020-01-24 00:10:48,"b'""Hurry or you\'ll miss it!"" \nHe quickened his step, following her to the edge of the meadow. As he reached the last\xe2\x80\xa6 https://t.co/Hdk2aFOB7d'"
2020-01-23 23:34:10,b'RT @BrianJohnYule1: Approaching the crash\nA cacophony of hush\nJagged breath quickens\n\n#vss365 #366FF\n#cacophony #quicken'
2020-01-23 22:32:21,b'Approaching the crash\nA cacophony of hush\nJagged breath quickens\n\n#vss365 #366FF\n#cacophony #quicken'
2020-01-23 20:25:31,b'You flee over a dark red forest floor through black trees. The sky is dark purple. Evil howls and crashing brush ma\xe2\x80\xa6 https://t.co/dn9X7Oz864'
2020-01-23 19:09:44,b'He began to #quicken the tempo. The #cacophony of noise began to form a rhythm. His drumsticks twirled in his finge\xe2\x80\xa6 https://t.co/3heAvwWuyO'
2020-01-23 06:59:38,b'#Quicken is a personal finance management software built by Quicken #company. Sometimes Quicken Users are faced wit\xe2\x80\xa6 https://t.co/yEvTQfuRub'
2020-01-22 19:36:02,b'Know what is new in Quicken 2020?\nQuicken recently launched its 2020 edition with some incredible updates in it. Re\xe2\x80\xa6 https://t.co/vVS7Quw3DY'
2020-01-22 18:06:35,"b""Checking account statements and cash receipts piling up? Dread going through them? Now you don't have to!\xe2\x80\xa6 https://t.co/ruoYfS2pYS"""
2020-01-22 11:52:36,b'Are you seeking for #Quicken Software Services near you in USA? get in touch with us through a call at 1-800-969-30\xe2\x80\xa6 https://t.co/bJbuF7ZLFZ'
